complaint,label
There is favoritism in Computer Lab.,Fake
Marks are being changed intentionally in Hostel Block A.,Fake
Funds for biometric system are being misused.,Fake
The exam registration process is delayed.,Genuine
The administration is secretly manipulating scholarship.,Fake
Students are facing problems due to delay in results.,Genuine
Funds for biometric system are being misused.,Fake
The system is designed to fail students in attendance update.,Fake
The Computer Lab needs maintenance.,Genuine
There is favoritism in Examination Cell.,Fake
Funds for biometric system are being misused.,Fake
The administration is secretly manipulating attendance update.,Fake
Students are facing problems due to incorrect attendance.,Genuine
There is favoritism in Computer Lab.,Fake
The result processing process is delayed.,Genuine
Students are facing problems due to delay in results.,Genuine
The system is designed to fail students in exam registration.,Fake
Students are facing problems due to power cuts.,Genuine
The Hostel Block A needs maintenance.,Genuine
The system is designed to fail students in attendance update.,Fake
The result processing process is delayed.,Genuine
The system is designed to fail students in scholarship.,Fake
The administration is secretly manipulating exam registration.,Fake
The system is designed to fail students in scholarship.,Fake
There is an issue with biometric system.,Genuine
The Hostel Block A needs maintenance.,Genuine
The Hostel Block A needs maintenance.,Genuine
The scholarship process is delayed.,Genuine
The system is designed to fail students in result processing.,Fake
Marks are being changed intentionally in Examination Cell.,Fake
The exam registration process is delayed.,Genuine
The Computer Lab needs maintenance.,Genuine
The attendance update process is delayed.,Genuine
Funds for WiFi system are being misused.,Fake
The system is designed to fail students in result processing.,Fake
Marks are being changed intentionally in Hostel Block A.,Fake
The administration is secretly manipulating scholarship.,Fake
The Examination Cell needs maintenance.,Genuine
The Examination Cell is not working properly.,Genuine
The Library is not working properly.,Genuine
The administration is secretly manipulating exam registration.,Fake
Funds for electricity system are being misused.,Fake
The Accounts Section needs maintenance.,Genuine
There is an issue with electricity system.,Genuine
Students are facing problems due to delay in results.,Genuine
The Library is not working properly.,Genuine
The Computer Lab is not working properly.,Genuine
The Computer Lab needs maintenance.,Genuine
There is an issue with electricity system.,Genuine
The administration is secretly manipulating result processing.,Fake
The Library needs maintenance.,Genuine
The administration is secretly manipulating result processing.,Fake
Students are facing problems due to incorrect attendance.,Genuine
There is favoritism in Computer Lab.,Fake
The Examination Cell is not working properly.,Genuine
Marks are being changed intentionally in Computer Lab.,Fake
There is an issue with WiFi system.,Genuine
Funds for electricity system are being misused.,Fake
Students are facing problems due to incorrect attendance.,Genuine
There is an issue with biometric system.,Genuine
There is favoritism in Hostel Block A.,Fake
Students are facing problems due to power cuts.,Genuine
The system is designed to fail students in exam registration.,Fake
The administration is secretly manipulating scholarship.,Fake
There is an issue with water supply.,Genuine
Students are facing problems due to slow internet.,Genuine
The Library is not working properly.,Genuine
Students are facing problems due to delay in results.,Genuine
The administration is secretly manipulating exam registration.,Fake
Marks are being changed intentionally in Library.,Fake
The administration is secretly manipulating attendance update.,Fake
The Examination Cell is not working properly.,Genuine
There is an issue with biometric system.,Genuine
The Computer Lab needs maintenance.,Genuine
There is favoritism in Examination Cell.,Fake
The Library needs maintenance.,Genuine
The scholarship process is delayed.,Genuine
There is favoritism in Accounts Section.,Fake
The Computer Lab is not working properly.,Genuine
The Hostel Block A needs maintenance.,Genuine
Funds for biometric system are being misused.,Fake
The system is designed to fail students in scholarship.,Fake
The system is designed to fail students in attendance update.,Fake
Marks are being changed intentionally in Examination Cell.,Fake
Funds for water supply are being misused.,Fake
The Computer Lab needs maintenance.,Genuine
Marks are being changed intentionally in Examination Cell.,Fake
Marks are being changed intentionally in Computer Lab.,Fake
The scholarship process is delayed.,Genuine
Funds for water supply are being misused.,Fake
Marks are being changed intentionally in Library.,Fake
The system is designed to fail students in exam registration.,Fake
The exam registration process is delayed.,Genuine
There is favoritism in Hostel Block A.,Fake
Students are facing problems due to delay in results.,Genuine
The administration is secretly manipulating attendance update.,Fake
There is favoritism in Accounts Section.,Fake
The administration is secretly manipulating scholarship.,Fake
The result processing process is delayed.,Genuine
The Computer Lab is not working properly.,Genuine
The Library is not working properly.,Genuine
There is an issue with WiFi system.,Genuine
The Examination Cell is not working properly.,Genuine
The system is designed to fail students in exam registration.,Fake
The Accounts Section needs maintenance.,Genuine
The Examination Cell needs maintenance.,Genuine
Funds for WiFi system are being misused.,Fake
Students are facing problems due to power cuts.,Genuine
There is favoritism in Examination Cell.,Fake
The administration is secretly manipulating exam registration.,Fake
The Library is not working properly.,Genuine
There is favoritism in Hostel Block A.,Fake
Marks are being changed intentionally in Computer Lab.,Fake
Marks are being changed intentionally in Hostel Block A.,Fake
Students are facing problems due to delay in results.,Genuine
The system is designed to fail students in result processing.,Fake
The scholarship process is delayed.,Genuine
There is favoritism in Library.,Fake
The Hostel Block A needs maintenance.,Genuine
The attendance update process is delayed.,Genuine
There is an issue with water supply.,Genuine
The Examination Cell is not working properly.,Genuine
The system is designed to fail students in exam registration.,Fake
The system is designed to fail students in exam registration.,Fake
There is favoritism in Examination Cell.,Fake
Funds for electricity system are being misused.,Fake
There is an issue with biometric system.,Genuine
The administration is secretly manipulating exam registration.,Fake
Marks are being changed intentionally in Accounts Section.,Fake
The system is designed to fail students in result processing.,Fake
Funds for biometric system are being misused.,Fake
There is an issue with water supply.,Genuine
The Computer Lab needs maintenance.,Genuine
The administration is secretly manipulating exam registration.,Fake
There is an issue with WiFi system.,Genuine
The Hostel Block A needs maintenance.,Genuine
The Examination Cell is not working properly.,Genuine
Students are facing problems due to slow internet.,Genuine
There is favoritism in Examination Cell.,Fake
Funds for electricity system are being misused.,Fake
The system is designed to fail students in attendance update.,Fake
The result processing process is delayed.,Genuine
Marks are being changed intentionally in Hostel Block A.,Fake
The system is designed to fail students in scholarship.,Fake
Funds for water supply are being misused.,Fake
The administration is secretly manipulating attendance update.,Fake
The Examination Cell needs maintenance.,Genuine
The result processing process is delayed.,Genuine
Marks are being changed intentionally in Computer Lab.,Fake
Marks are being changed intentionally in Examination Cell.,Fake
The Accounts Section is not working properly.,Genuine
There is favoritism in Examination Cell.,Fake
Marks are being changed intentionally in Library.,Fake
The Examination Cell is not working properly.,Genuine
The administration is secretly manipulating exam registration.,Fake
The Examination Cell needs maintenance.,Genuine
Marks are being changed intentionally in Library.,Fake
There is favoritism in Computer Lab.,Fake
The Hostel Block A needs maintenance.,Genuine
The Library needs maintenance.,Genuine
There is favoritism in Computer Lab.,Fake
The result processing process is delayed.,Genuine
Marks are being changed intentionally in Hostel Block A.,Fake
Marks are being changed intentionally in Hostel Block A.,Fake
There is an issue with electricity system.,Genuine
The system is designed to fail students in result processing.,Fake
There is an issue with water supply.,Genuine
The system is designed to fail students in scholarship.,Fake
The administration is secretly manipulating exam registration.,Fake
There is an issue with WiFi system.,Genuine
There is favoritism in Examination Cell.,Fake
The system is designed to fail students in attendance update.,Fake
The administration is secretly manipulating scholarship.,Fake
Students are facing problems due to power cuts.,Genuine
Students are facing problems due to incorrect attendance.,Genuine
Funds for water supply are being misused.,Fake
There is an issue with water supply.,Genuine
Students are facing problems due to delay in results.,Genuine
There is an issue with electricity system.,Genuine
The Accounts Section is not working properly.,Genuine
Marks are being changed intentionally in Examination Cell.,Fake
The Library needs maintenance.,Genuine
The attendance update process is delayed.,Genuine
The administration is secretly manipulating exam registration.,Fake
The system is designed to fail students in result processing.,Fake
The administration is secretly manipulating result processing.,Fake
The Hostel Block A is not working properly.,Genuine
Funds for water supply are being misused.,Fake
The Hostel Block A is not working properly.,Genuine
Students are facing problems due to incorrect attendance.,Genuine
There is favoritism in Library.,Fake
The Examination Cell is not working properly.,Genuine
There is favoritism in Examination Cell.,Fake
Students are facing problems due to slow internet.,Genuine
Students are facing problems due to delay in results.,Genuine
Funds for water supply are being misused.,Fake
Marks are being changed intentionally in Library.,Fake
Students are facing problems due to delay in results.,Genuine
The administration is secretly manipulating exam registration.,Fake
Students are facing problems due to incorrect attendance.,Genuine
The Computer Lab needs maintenance.,Genuine
The administration is secretly manipulating exam registration.,Fake
There is favoritism in Examination Cell.,Fake
Funds for electricity system are being misused.,Fake
There is favoritism in Hostel Block A.,Fake
There is favoritism in Examination Cell.,Fake
Students are facing problems due to delay in results.,Genuine
The system is designed to fail students in scholarship.,Fake
The system is designed to fail students in attendance update.,Fake
There is favoritism in Examination Cell.,Fake
There is an issue with electricity system.,Genuine
The Examination Cell needs maintenance.,Genuine
The Computer Lab needs maintenance.,Genuine
There is an issue with biometric system.,Genuine
The administration is secretly manipulating result processing.,Fake
The administration is secretly manipulating exam registration.,Fake
Students are facing problems due to delay in results.,Genuine
Funds for water supply are being misused.,Fake
The Computer Lab needs maintenance.,Genuine
The system is designed to fail students in attendance update.,Fake
There is an issue with electricity system.,Genuine
The system is designed to fail students in exam registration.,Fake
There is an issue with biometric system.,Genuine
Marks are being changed intentionally in Computer Lab.,Fake
There is favoritism in Examination Cell.,Fake
Marks are being changed intentionally in Library.,Fake
There is favoritism in Accounts Section.,Fake
The Computer Lab needs maintenance.,Genuine
There is an issue with WiFi system.,Genuine
There is favoritism in Hostel Block A.,Fake
The Computer Lab is not working properly.,Genuine
Marks are being changed intentionally in Examination Cell.,Fake
The result processing process is delayed.,Genuine
The result processing process is delayed.,Genuine
There is an issue with water supply.,Genuine
Marks are being changed intentionally in Library.,Fake
Students are facing problems due to slow internet.,Genuine
Marks are being changed intentionally in Hostel Block A.,Fake
Marks are being changed intentionally in Computer Lab.,Fake
There is favoritism in Hostel Block A.,Fake
The Library is not working properly.,Genuine
Funds for water supply are being misused.,Fake
There is an issue with water supply.,Genuine
There is an issue with water supply.,Genuine
The system is designed to fail students in exam registration.,Fake
The exam registration process is delayed.,Genuine
The system is designed to fail students in attendance update.,Fake
The result processing process is delayed.,Genuine
There is an issue with biometric system.,Genuine
The scholarship process is delayed.,Genuine
Students are facing problems due to power cuts.,Genuine
There is favoritism in Computer Lab.,Fake
The Library is not working properly.,Genuine
The result processing process is delayed.,Genuine
The administration is secretly manipulating result processing.,Fake
There is favoritism in Accounts Section.,Fake
There is favoritism in Computer Lab.,Fake
The Computer Lab needs maintenance.,Genuine
There is an issue with electricity system.,Genuine
The administration is secretly manipulating attendance update.,Fake
The administration is secretly manipulating result processing.,Fake
The system is designed to fail students in result processing.,Fake
There is favoritism in Examination Cell.,Fake
Funds for biometric system are being misused.,Fake
The exam registration process is delayed.,Genuine
The Computer Lab is not working properly.,Genuine
Students are facing problems due to power cuts.,Genuine
The Hostel Block A is not working properly.,Genuine
The system is designed to fail students in scholarship.,Fake
The scholarship process is delayed.,Genuine
The exam registration process is delayed.,Genuine
Marks are being changed intentionally in Examination Cell.,Fake
Funds for WiFi system are being misused.,Fake
The system is designed to fail students in exam registration.,Fake
Funds for biometric system are being misused.,Fake
The Hostel Block A needs maintenance.,Genuine
The Hostel Block A is not working properly.,Genuine
Students are facing problems due to power cuts.,Genuine
Students are facing problems due to delay in results.,Genuine
The Library is not working properly.,Genuine
Funds for WiFi system are being misused.,Fake
Students are facing problems due to power cuts.,Genuine
Funds for WiFi system are being misused.,Fake
The Library needs maintenance.,Genuine
There is an issue with water supply.,Genuine
Students are facing problems due to power cuts.,Genuine
The administration is secretly manipulating scholarship.,Fake
Funds for water supply are being misused.,Fake
There is an issue with WiFi system.,Genuine
Funds for WiFi system are being misused.,Fake
There is favoritism in Examination Cell.,Fake
There is an issue with electricity system.,Genuine
Funds for water supply are being misused.,Fake
The system is designed to fail students in scholarship.,Fake
There is favoritism in Library.,Fake
The Accounts Section is not working properly.,Genuine
The Computer Lab needs maintenance.,Genuine
The Computer Lab is not working properly.,Genuine
The Computer Lab is not working properly.,Genuine
The system is designed to fail students in scholarship.,Fake
Marks are being changed intentionally in Library.,Fake
The result processing process is delayed.,Genuine
There is an issue with biometric system.,Genuine
Marks are being changed intentionally in Accounts Section.,Fake
There is an issue with WiFi system.,Genuine
The Examination Cell is not working properly.,Genuine
The Computer Lab needs maintenance.,Genuine
Marks are being changed intentionally in Accounts Section.,Fake
The attendance update process is delayed.,Genuine
The scholarship process is delayed.,Genuine
Students are facing problems due to delay in results.,Genuine
There is favoritism in Accounts Section.,Fake
The Accounts Section is not working properly.,Genuine
There is an issue with biometric system.,Genuine
The scholarship process is delayed.,Genuine
Students are facing problems due to slow internet.,Genuine
Funds for WiFi system are being misused.,Fake
There is favoritism in Examination Cell.,Fake
Funds for electricity system are being misused.,Fake
There is favoritism in Hostel Block A.,Fake
There is favoritism in Hostel Block A.,Fake
There is favoritism in Library.,Fake
The Examination Cell is not working properly.,Genuine
The attendance update process is delayed.,Genuine
The Accounts Section is not working properly.,Genuine
The administration is secretly manipulating exam registration.,Fake
The Library is not working properly.,Genuine
The Accounts Section needs maintenance.,Genuine
Marks are being changed intentionally in Accounts Section.,Fake
Funds for water supply are being misused.,Fake
There is favoritism in Library.,Fake
Marks are being changed intentionally in Computer Lab.,Fake
The Library needs maintenance.,Genuine
The exam registration process is delayed.,Genuine
Students are facing problems due to slow internet.,Genuine
Students are facing problems due to power cuts.,Genuine
There is an issue with electricity system.,Genuine
There is favoritism in Examination Cell.,Fake
The system is designed to fail students in attendance update.,Fake
Funds for electricity system are being misused.,Fake
There is favoritism in Examination Cell.,Fake
Marks are being changed intentionally in Examination Cell.,Fake
Students are facing problems due to incorrect attendance.,Genuine
There is favoritism in Examination Cell.,Fake
There is favoritism in Accounts Section.,Fake
Students are facing problems due to slow internet.,Genuine
Students are facing problems due to slow internet.,Genuine
The scholarship process is delayed.,Genuine
The administration is secretly manipulating result processing.,Fake
The administration is secretly manipulating attendance update.,Fake
Funds for biometric system are being misused.,Fake
Funds for electricity system are being misused.,Fake
The system is designed to fail students in attendance update.,Fake
The result processing process is delayed.,Genuine
Funds for electricity system are being misused.,Fake
There is an issue with electricity system.,Genuine
The Accounts Section is not working properly.,Genuine
Marks are being changed intentionally in Hostel Block A.,Fake
There is favoritism in Examination Cell.,Fake
Funds for electricity system are being misused.,Fake
Marks are being changed intentionally in Examination Cell.,Fake
Marks are being changed intentionally in Computer Lab.,Fake
The attendance update process is delayed.,Genuine
Funds for electricity system are being misused.,Fake
There is favoritism in Hostel Block A.,Fake
The system is designed to fail students in result processing.,Fake
Marks are being changed intentionally in Accounts Section.,Fake
There is an issue with biometric system.,Genuine
Funds for electricity system are being misused.,Fake
The exam registration process is delayed.,Genuine
Students are facing problems due to incorrect attendance.,Genuine
The Accounts Section needs maintenance.,Genuine
The Computer Lab is not working properly.,Genuine
The administration is secretly manipulating exam registration.,Fake
The Computer Lab needs maintenance.,Genuine
Marks are being changed intentionally in Hostel Block A.,Fake
The result processing process is delayed.,Genuine
The system is designed to fail students in scholarship.,Fake
There is an issue with WiFi system.,Genuine
There is an issue with WiFi system.,Genuine
The administration is secretly manipulating attendance update.,Fake
There is an issue with WiFi system.,Genuine
The administration is secretly manipulating attendance update.,Fake
The Library needs maintenance.,Genuine
Funds for WiFi system are being misused.,Fake
The Examination Cell is not working properly.,Genuine
There is favoritism in Hostel Block A.,Fake
The scholarship process is delayed.,Genuine
The exam registration process is delayed.,Genuine
Funds for water supply are being misused.,Fake
The administration is secretly manipulating result processing.,Fake
The administration is secretly manipulating result processing.,Fake
The administration is secretly manipulating result processing.,Fake
Funds for electricity system are being misused.,Fake
The administration is secretly manipulating attendance update.,Fake
There is an issue with WiFi system.,Genuine
The Accounts Section is not working properly.,Genuine
Students are facing problems due to delay in results.,Genuine
The system is designed to fail students in attendance update.,Fake
Funds for electricity system are being misused.,Fake
There is favoritism in Examination Cell.,Fake
There is favoritism in Accounts Section.,Fake
The Library is not working properly.,Genuine
The exam registration process is delayed.,Genuine
Funds for biometric system are being misused.,Fake
The Library is not working properly.,Genuine
Marks are being changed intentionally in Computer Lab.,Fake
The system is designed to fail students in attendance update.,Fake
There is favoritism in Hostel Block A.,Fake
The result processing process is delayed.,Genuine
The result processing process is delayed.,Genuine
There is an issue with WiFi system.,Genuine
The Accounts Section needs maintenance.,Genuine
Funds for biometric system are being misused.,Fake
There is favoritism in Accounts Section.,Fake
The Library is not working properly.,Genuine
The Hostel Block A needs maintenance.,Genuine
Students are facing problems due to slow internet.,Genuine
The Examination Cell is not working properly.,Genuine
There is an issue with biometric system.,Genuine
There is favoritism in Library.,Fake
Marks are being changed intentionally in Hostel Block A.,Fake
Marks are being changed intentionally in Library.,Fake
Students are facing problems due to power cuts.,Genuine
The Hostel Block A needs maintenance.,Genuine
The Library needs maintenance.,Genuine
There is an issue with electricity system.,Genuine
The scholarship process is delayed.,Genuine
There is an issue with water supply.,Genuine
The system is designed to fail students in attendance update.,Fake
Marks are being changed intentionally in Computer Lab.,Fake
Funds for biometric system are being misused.,Fake
The attendance update process is delayed.,Genuine
The Examination Cell is not working properly.,Genuine
The Library is not working properly.,Genuine
The Library is not working properly.,Genuine
The scholarship process is delayed.,Genuine
Students are facing problems due to delay in results.,Genuine
Students are facing problems due to power cuts.,Genuine
The system is designed to fail students in exam registration.,Fake
Students are facing problems due to power cuts.,Genuine
There is an issue with water supply.,Genuine
The Accounts Section needs maintenance.,Genuine
Students are facing problems due to power cuts.,Genuine
The administration is secretly manipulating attendance update.,Fake
Students are facing problems due to slow internet.,Genuine
The Examination Cell needs maintenance.,Genuine
Funds for WiFi system are being misused.,Fake
There is an issue with water supply.,Genuine
The Accounts Section needs maintenance.,Genuine
The administration is secretly manipulating scholarship.,Fake
The Hostel Block A is not working properly.,Genuine
The system is designed to fail students in attendance update.,Fake
Students are facing problems due to incorrect attendance.,Genuine
The administration is secretly manipulating scholarship.,Fake
There is favoritism in Computer Lab.,Fake
The Computer Lab is not working properly.,Genuine
There is favoritism in Library.,Fake
Marks are being changed intentionally in Computer Lab.,Fake
Students are facing problems due to power cuts.,Genuine
The Accounts Section is not working properly.,Genuine
The system is designed to fail students in attendance update.,Fake
Students are facing problems due to slow internet.,Genuine
The administration is secretly manipulating attendance update.,Fake
There is an issue with biometric system.,Genuine
Students are facing problems due to slow internet.,Genuine
There is favoritism in Examination Cell.,Fake
The Examination Cell needs maintenance.,Genuine
The Computer Lab needs maintenance.,Genuine
The administration is secretly manipulating scholarship.,Fake
There is favoritism in Computer Lab.,Fake
There is an issue with WiFi system.,Genuine
Funds for water supply are being misused.,Fake
The Accounts Section needs maintenance.,Genuine
There is favoritism in Hostel Block A.,Fake
There is an issue with WiFi system.,Genuine
The Computer Lab is not working properly.,Genuine
Funds for electricity system are being misused.,Fake
Marks are being changed intentionally in Hostel Block A.,Fake
Funds for WiFi system are being misused.,Fake
There is favoritism in Examination Cell.,Fake
Marks are being changed intentionally in Hostel Block A.,Fake
The Library needs maintenance.,Genuine
The system is designed to fail students in attendance update.,Fake
Students are facing problems due to slow internet.,Genuine
Students are facing problems due to slow internet.,Genuine
The Library needs maintenance.,Genuine
There is favoritism in Hostel Block A.,Fake
There is favoritism in Hostel Block A.,Fake
The Accounts Section needs maintenance.,Genuine
There is favoritism in Computer Lab.,Fake
Funds for WiFi system are being misused.,Fake
There is favoritism in Accounts Section.,Fake
The Hostel Block A is not working properly.,Genuine
The Computer Lab needs maintenance.,Genuine
Funds for biometric system are being misused.,Fake
The administration is secretly manipulating scholarship.,Fake
There is an issue with WiFi system.,Genuine
Funds for WiFi system are being misused.,Fake
There is favoritism in Library.,Fake
